dataSizeMB,loadThreads,loadIterations,fileSize,name,TimeStamp,StatusCode,responseBody,period,Threads Count,threadId,iteration,hostName,requestName,hasError
,,,1,,1,200,3,108,1,0,0,Host1,FileWrite,0
,,,1,,2,200,1,8,1,0,1,Host1,FileWrite,0
,,,1,,3,200,1,10,1,0,2,Host1,FileWrite,0
,,,1,,4,200,1,11,1,0,3,Host1,FileWrite,0
,,,1,,5,200,1,8,1,0,4,Host1,FileWrite,0
,,,1,,6,200,1,8,1,0,5,Host1,FileWrite,0
,,,1,,7,200,1,10,1,0,6,Host1,FileWrite,0
,,,1,,8,200,1,10,1,0,7,Host1,FileWrite,0
,,,1,,9,200,2,14,1,0,8,Host1,FileWrite,0
,,,1,,10,200,2,17,1,0,9,Host1,FileWrite,0
,,,10,,11,200,4,17,1,0,0,Host1,FileWrite,0
,,,10,,12,200,3,15,1,0,1,Host1,FileWrite,0
,,,10,,13,200,4,16,1,0,2,Host1,FileWrite,0
,,,10,,14,200,4,18,1,0,3,Host1,FileWrite,0
,,,10,,15,200,4,19,1,0,4,Host1,FileWrite,0
,,,10,,16,200,4,19,1,0,5,Host1,FileWrite,0
,,,10,,17,200,4,16,1,0,6,Host1,FileWrite,0
,,,10,,18,200,3,14,1,0,7,Host1,FileWrite,0
,,,10,,19,200,4,18,1,0,8,Host1,FileWrite,0
,,,10,,20,200,3,15,1,0,9,Host1,FileWrite,0
,,,100,,21,200,1174,1224,1,0,0,Host1,FileWrite,0
,,,100,,22,200,1903,1974,1,0,1,Host1,FileWrite,0
,,,100,,23,200,1253,1324,1,0,2,Host1,FileWrite,0
,,,100,,24,200,1906,1975,1,0,3,Host1,FileWrite,0
,,,100,,25,200,1410,1472,1,0,4,Host1,FileWrite,0
,,,100,,26,200,1113,1165,1,0,5,Host1,FileWrite,0
,,,100,,27,200,1137,1197,1,0,6,Host1,FileWrite,0
,,,100,,28,200,1186,1257,1,0,7,Host1,FileWrite,0
,,,100,,29,200,1191,1273,1,0,8,Host1,FileWrite,0
,,,100,,30,200,1859,1915,1,0,9,Host1,FileWrite,0
,,,1,,31,400,,14,10,6,0,Host1,FileWrite,1
,,,1,,32,400,,15,10,3,0,Host1,FileWrite,1
,,,1,,33,400,,15,10,5,0,Host1,FileWrite,1
,,,1,,34,400,,15,10,2,0,Host1,FileWrite,1
,,,1,,35,400,,15,10,8,0,Host1,FileWrite,1
,,,1,,36,400,,14,10,9,0,Host1,FileWrite,1
,,,1,,37,400,,16,10,1,0,Host1,FileWrite,1
,,,1,,38,400,,15,10,4,0,Host1,FileWrite,1
,,,1,,39,400,,15,10,7,0,Host1,FileWrite,1
,,,1,,40,400,,17,10,0,0,Host1,FileWrite,1
,,,10,,41,200,9,33,10,2,0,Host1,FileWrite,0
,,,10,,42,200,12,36,10,6,0,Host1,FileWrite,0
,,,10,,43,200,11,36,10,7,0,Host1,FileWrite,0
,,,10,,44,200,13,36,10,1,0,Host1,FileWrite,0
,,,10,,45,200,12,36,10,3,0,Host1,FileWrite,0
,,,10,,46,200,11,36,10,0,0,Host1,FileWrite,0
,,,10,,47,200,16,40,10,4,0,Host1,FileWrite,0
,,,10,,48,200,5,42,10,9,0,Host1,FileWrite,0
,,,10,,49,200,17,40,10,8,0,Host1,FileWrite,0
,,,10,,50,200,7,50,10,5,0,Host1,FileWrite,0
,,,100,,51,200,27394,27534,10,5,0,Host1,FileWrite,0
,,,100,,52,200,27360,27534,10,8,0,Host1,FileWrite,0
,,,100,,53,200,27142,27535,10,2,0,Host1,FileWrite,0
,,,100,,54,200,27649,27809,10,4,0,Host1,FileWrite,0
,,,100,,55,200,28057,28200,10,7,0,Host1,FileWrite,0
,,,100,,56,200,28986,29203,10,9,0,Host1,FileWrite,0
,,,100,,57,200,29057,29205,10,6,0,Host1,FileWrite,0
,,,100,,58,200,29441,29592,10,3,0,Host1,FileWrite,0
,,,100,,59,200,30663,30903,10,0,0,Host1,FileWrite,0
,,,100,,60,200,30862,31098,10,1,0,Host1,FileWrite,0
,,,1,,61,200,11,20,1,0,0,Host1,FileRead,0
,,,1,,62,200,12,21,1,0,1,Host1,FileRead,0
,,,1,,63,200,10,18,1,0,2,Host1,FileRead,0
,,,1,,64,200,11,19,1,0,3,Host1,FileRead,0
,,,1,,65,200,11,19,1,0,4,Host1,FileRead,0
,,,1,,66,200,9,17,1,0,5,Host1,FileRead,0
,,,1,,67,200,12,21,1,0,6,Host1,FileRead,0
,,,1,,68,200,14,24,1,0,7,Host1,FileRead,0
,,,1,,69,200,16,30,1,0,8,Host1,FileRead,0
,,,1,,70,200,11,20,1,0,9,Host1,FileRead,0
,,,10,,71,200,29,49,1,0,0,Host1,FileRead,0
,,,10,,72,200,18,39,1,0,1,Host1,FileRead,0
,,,10,,73,200,14,34,1,0,2,Host1,FileRead,0
,,,10,,74,200,14,29,1,0,3,Host1,FileRead,0
,,,10,,75,200,17,32,1,0,4,Host1,FileRead,0
,,,10,,76,200,15,32,1,0,5,Host1,FileRead,0
,,,10,,77,200,29,45,1,0,6,Host1,FileRead,0
,,,10,,78,200,16,35,1,0,7,Host1,FileRead,0
,,,10,,79,200,14,29,1,0,8,Host1,FileRead,0
,,,10,,80,200,14,29,1,0,9,Host1,FileRead,0
,,,100,,81,200,90,1230,1,0,0,Host1,FileRead,0
,,,100,,82,200,70,1293,1,0,1,Host1,FileRead,0
,,,100,,83,200,86,1245,1,0,2,Host1,FileRead,0
,,,100,,84,200,122,1836,1,0,3,Host1,FileRead,0
,,,100,,85,200,68,1263,1,0,4,Host1,FileRead,0
,,,100,,86,200,86,1293,1,0,5,Host1,FileRead,0
,,,100,,87,200,87,1307,1,0,6,Host1,FileRead,0
,,,100,,88,200,68,1500,1,0,7,Host1,FileRead,0
,,,100,,89,200,105,1290,1,0,8,Host1,FileRead,0
,,,100,,90,200,56,1207,1,0,9,Host1,FileRead,0
,,,1,,91,200,11,26,10,9,0,Host1,FileRead,0
,,,1,,92,200,13,27,10,4,0,Host1,FileRead,0
,,,1,,93,200,11,28,10,3,0,Host1,FileRead,0
,,,1,,94,200,14,29,10,5,0,Host1,FileRead,0
,,,1,,95,200,18,31,10,6,0,Host1,FileRead,0
,,,1,,96,200,13,33,10,0,0,Host1,FileRead,0
,,,1,,97,200,17,35,10,8,0,Host1,FileRead,0
,,,1,,98,200,20,38,10,2,0,Host1,FileRead,0
,,,1,,99,200,12,42,10,1,0,Host1,FileRead,0
,,,1,,100,200,11,42,10,7,0,Host1,FileRead,0
,,,10,,101,200,20,58,10,6,0,Host1,FileRead,0
,,,10,,102,200,25,58,10,5,0,Host1,FileRead,0
,,,10,,103,200,26,58,10,1,0,Host1,FileRead,0
,,,10,,104,200,26,62,10,2,0,Host1,FileRead,0
,,,10,,105,200,25,69,10,4,0,Host1,FileRead,0
,,,10,,106,200,33,71,10,8,0,Host1,FileRead,0
,,,10,,107,200,38,73,10,7,0,Host1,FileRead,0
,,,10,,108,200,25,73,10,9,0,Host1,FileRead,0
,,,10,,109,200,38,75,10,3,0,Host1,FileRead,0
,,,10,,110,200,27,76,10,0,0,Host1,FileRead,0
,,,100,,111,200,74,39008,10,5,0,Host1,FileRead,0
,,,100,,112,200,51,40214,10,0,0,Host1,FileRead,0
,,,100,,113,200,83,40445,10,6,0,Host1,FileRead,0
,,,100,,114,200,70,40620,10,9,0,Host1,FileRead,0
,,,100,,115,200,62,40762,10,4,0,Host1,FileRead,0
,,,100,,116,200,64,40775,10,3,0,Host1,FileRead,0
,,,100,,117,200,57,41031,10,7,0,Host1,FileRead,0
,,,100,,118,200,73,41045,10,2,0,Host1,FileRead,0
,,,100,,119,200,42,41287,10,1,0,Host1,FileRead,0
,,,100,,120,200,48,41424,10,8,0,Host1,FileRead,0
10,,,,,121,200,96,104,1,0,0,Host1,MemoryWrite,0
10,,,,,122,200,109,121,1,0,1,Host1,MemoryWrite,0
10,,,,,123,200,105,112,1,0,2,Host1,MemoryWrite,0
10,,,,,124,200,98,103,1,0,3,Host1,MemoryWrite,0
10,,,,,125,200,97,104,1,0,4,Host1,MemoryWrite,0
10,,,,,126,200,93,98,1,0,5,Host1,MemoryWrite,0
10,,,,,127,200,108,121,1,0,6,Host1,MemoryWrite,0
10,,,,,128,200,94,99,1,0,7,Host1,MemoryWrite,0
10,,,,,129,200,87,93,1,0,8,Host1,MemoryWrite,0
10,,,,,130,200,92,98,1,0,9,Host1,MemoryWrite,0
20,,,,,131,200,181,186,1,0,0,Host1,MemoryWrite,0
20,,,,,132,200,318,323,1,0,1,Host1,MemoryWrite,0
20,,,,,133,200,391,401,1,0,2,Host1,MemoryWrite,0
20,,,,,134,200,391,399,1,0,3,Host1,MemoryWrite,0
20,,,,,135,200,392,400,1,0,4,Host1,MemoryWrite,0
20,,,,,136,200,189,195,1,0,5,Host1,MemoryWrite,0
20,,,,,137,200,171,175,1,0,6,Host1,MemoryWrite,0
20,,,,,138,200,175,179,1,0,7,Host1,MemoryWrite,0
20,,,,,139,200,171,175,1,0,8,Host1,MemoryWrite,0
20,,,,,140,200,179,184,1,0,9,Host1,MemoryWrite,0
50,,,,,141,200,421,428,1,0,0,Host1,MemoryWrite,0
50,,,,,142,200,889,895,1,0,1,Host1,MemoryWrite,0
50,,,,,143,200,754,766,1,0,2,Host1,MemoryWrite,0
50,,,,,144,200,438,443,1,0,3,Host1,MemoryWrite,0
50,,,,,145,200,414,421,1,0,4,Host1,MemoryWrite,0
50,,,,,146,200,433,442,1,0,5,Host1,MemoryWrite,0
50,,,,,147,200,914,921,1,0,6,Host1,MemoryWrite,0
50,,,,,148,200,691,773,1,0,7,Host1,MemoryWrite,0
50,,,,,149,200,443,448,1,0,8,Host1,MemoryWrite,0
50,,,,,150,200,412,418,1,0,9,Host1,MemoryWrite,0
10,,,,,151,200,162,173,10,6,0,Host1,MemoryWrite,0
10,,,,,152,200,166,175,10,5,0,Host1,MemoryWrite,0
10,,,,,153,200,165,173,10,2,0,Host1,MemoryWrite,0
10,,,,,154,200,175,186,10,0,0,Host1,MemoryWrite,0
10,,,,,155,200,173,186,10,7,0,Host1,MemoryWrite,0
10,,,,,156,200,183,194,10,3,0,Host1,MemoryWrite,0
10,,,,,157,200,197,209,10,8,0,Host1,MemoryWrite,0
10,,,,,158,200,188,215,10,1,0,Host1,MemoryWrite,0
10,,,,,159,200,207,216,10,4,0,Host1,MemoryWrite,0
10,,,,,160,200,131,255,10,9,0,Host1,MemoryWrite,0
20,,,,,161,200,532,1030,10,4,0,Host1,MemoryWrite,0
20,,,,,162,200,567,1030,10,2,0,Host1,MemoryWrite,0
20,,,,,163,200,584,1030,10,3,0,Host1,MemoryWrite,0
20,,,,,164,200,581,1030,10,0,0,Host1,MemoryWrite,0
20,,,,,165,200,563,1030,10,7,0,Host1,MemoryWrite,0
20,,,,,166,200,568,1030,10,6,0,Host1,MemoryWrite,0
20,,,,,167,200,545,1030,10,1,0,Host1,MemoryWrite,0
20,,,,,168,200,423,1474,10,8,0,Host1,MemoryWrite,0
20,,,,,169,200,435,1478,10,5,0,Host1,MemoryWrite,0
20,,,,,170,200,439,1462,10,9,0,Host1,MemoryWrite,0
50,,,,,171,200,875,905,10,2,0,Host1,MemoryWrite,0
50,,,,,172,200,872,903,10,8,0,Host1,MemoryWrite,0
50,,,,,173,200,871,905,10,1,0,Host1,MemoryWrite,0
50,,,,,174,200,876,911,10,5,0,Host1,MemoryWrite,0
50,,,,,175,200,892,910,10,9,0,Host1,MemoryWrite,0
50,,,,,176,200,892,914,10,3,0,Host1,MemoryWrite,0
50,,,,,177,200,896,916,10,4,0,Host1,MemoryWrite,0
50,,,,,178,200,900,919,10,6,0,Host1,MemoryWrite,0
50,,,,,179,200,479,1414,10,0,0,Host1,MemoryWrite,0
50,,,,,180,200,484,1418,10,7,0,Host1,MemoryWrite,0
10,,,,,181,200,21,69,1,0,0,Host1,MemoryRead,0
10,,,,,182,200,47,109,1,0,1,Host1,MemoryRead,0
10,,,,,183,200,48,115,1,0,2,Host1,MemoryRead,0
10,,,,,184,200,48,113,1,0,3,Host1,MemoryRead,0
10,,,,,185,200,48,115,1,0,4,Host1,MemoryRead,0
10,,,,,186,200,47,111,1,0,5,Host1,MemoryRead,0
10,,,,,187,200,47,110,1,0,6,Host1,MemoryRead,0
10,,,,,188,200,48,114,1,0,7,Host1,MemoryRead,0
10,,,,,189,200,48,114,1,0,8,Host1,MemoryRead,0
10,,,,,190,200,47,111,1,0,9,Host1,MemoryRead,0
20,,,,,191,200,95,224,1,0,0,Host1,MemoryRead,0
20,,,,,192,200,40,142,1,0,1,Host1,MemoryRead,0
20,,,,,193,200,42,96,1,0,2,Host1,MemoryRead,0
20,,,,,194,200,41,94,1,0,3,Host1,MemoryRead,0
20,,,,,195,200,43,103,1,0,4,Host1,MemoryRead,0
20,,,,,196,200,49,110,1,0,5,Host1,MemoryRead,0
20,,,,,197,200,48,115,1,0,6,Host1,MemoryRead,0
20,,,,,198,200,44,100,1,0,7,Host1,MemoryRead,0
20,,,,,199,200,43,107,1,0,8,Host1,MemoryRead,0
20,,,,,200,200,44,103,1,0,9,Host1,MemoryRead,0
50,,,,,201,200,107,237,1,0,0,Host1,MemoryRead,0
50,,,,,202,200,109,244,1,0,1,Host1,MemoryRead,0
50,,,,,203,200,238,531,1,0,2,Host1,MemoryRead,0
50,,,,,204,200,237,520,1,0,3,Host1,MemoryRead,0
50,,,,,205,200,151,462,1,0,4,Host1,MemoryRead,0
50,,,,,206,200,100,231,1,0,5,Host1,MemoryRead,0
50,,,,,207,200,110,243,1,0,6,Host1,MemoryRead,0
50,,,,,208,200,104,238,1,0,7,Host1,MemoryRead,0
50,,,,,209,200,101,243,1,0,8,Host1,MemoryRead,0
50,,,,,210,200,102,230,1,0,9,Host1,MemoryRead,0
10,,,,,211,200,82,160,10,5,0,Host1,MemoryRead,0
10,,,,,212,200,91,177,10,2,0,Host1,MemoryRead,0
10,,,,,213,200,106,177,10,4,0,Host1,MemoryRead,0
10,,,,,214,200,92,180,10,9,0,Host1,MemoryRead,0
10,,,,,215,200,83,183,10,3,0,Host1,MemoryRead,0
10,,,,,216,200,113,185,10,0,0,Host1,MemoryRead,0
10,,,,,217,200,90,187,10,8,0,Host1,MemoryRead,0
10,,,,,218,200,78,194,10,1,0,Host1,MemoryRead,0
10,,,,,219,200,93,208,10,6,0,Host1,MemoryRead,0
10,,,,,220,200,68,209,10,7,0,Host1,MemoryRead,0
20,,,,,221,200,152,378,10,7,0,Host1,MemoryRead,0
20,,,,,222,200,152,387,10,6,0,Host1,MemoryRead,0
20,,,,,223,200,153,388,10,8,0,Host1,MemoryRead,0
20,,,,,224,200,156,389,10,5,0,Host1,MemoryRead,0
20,,,,,225,200,161,462,10,3,0,Host1,MemoryRead,0
20,,,,,226,200,150,484,10,4,0,Host1,MemoryRead,0
20,,,,,227,200,153,484,10,1,0,Host1,MemoryRead,0
20,,,,,228,200,152,484,10,2,0,Host1,MemoryRead,0
20,,,,,229,200,161,488,10,9,0,Host1,MemoryRead,0
20,,,,,230,200,145,496,10,0,0,Host1,MemoryRead,0
50,,,,,231,200,315,1077,10,9,0,Host1,MemoryRead,0
50,,,,,232,200,282,1078,10,1,0,Host1,MemoryRead,0
50,,,,,233,200,254,1122,10,6,0,Host1,MemoryRead,0
50,,,,,234,200,264,1122,10,3,0,Host1,MemoryRead,0
50,,,,,235,200,247,1127,10,0,0,Host1,MemoryRead,0
50,,,,,236,200,236,1157,10,4,0,Host1,MemoryRead,0
50,,,,,237,200,310,1158,10,7,0,Host1,MemoryRead,0
50,,,,,238,200,246,1167,10,2,0,Host1,MemoryRead,0
50,,,,,239,200,218,1172,10,8,0,Host1,MemoryRead,0
50,,,,,240,200,248,1197,10,5,0,Host1,MemoryRead,0
,1,1000000,,,241,200,22,43,20,12,0,Host1,cpuStress,0
,1,1000000,,,242,200,29,43,20,4,0,Host1,cpuStress,0
,1,1000000,,,243,200,12,40,20,17,0,Host1,cpuStress,0
,1,1000000,,,244,200,12,41,20,7,0,Host1,cpuStress,0
,1,1000000,,,245,200,27,42,20,3,0,Host1,cpuStress,0
,1,1000000,,,246,200,18,41,20,11,0,Host1,cpuStress,0
,1,1000000,,,247,200,20,41,20,9,0,Host1,cpuStress,0
,1,1000000,,,248,200,18,43,20,16,0,Host1,cpuStress,0
,1,1000000,,,249,200,28,43,20,6,0,Host1,cpuStress,0
,1,1000000,,,250,200,14,41,20,13,0,Host1,cpuStress,0
,1,1000000,,,251,200,27,43,20,2,0,Host1,cpuStress,0
,1,1000000,,,252,200,27,43,20,10,0,Host1,cpuStress,0
,1,1000000,,,253,200,21,43,20,0,0,Host1,cpuStress,0
,1,1000000,,,254,200,21,42,20,1,0,Host1,cpuStress,0
,1,1000000,,,255,200,27,43,20,14,0,Host1,cpuStress,0
,1,1000000,,,256,200,27,43,20,8,0,Host1,cpuStress,0
,1,1000000,,,257,200,31,47,20,18,0,Host1,cpuStress,0
,1,1000000,,,258,200,21,44,20,19,0,Host1,cpuStress,0
,1,1000000,,,259,200,24,46,20,5,0,Host1,cpuStress,0
,1,1000000,,,260,200,24,45,20,15,0,Host1,cpuStress,0
,20,1000000,,,261,200,19,23,1,0,0,Host1,cpuStress,0
1,,,,,262,200,"{""dataFile"":{""contentType"":"""",""contentDisposition"":""form-data; name=DataFile; filename=data.bin; filename*=utf-8''data.bin"",""headers"":{""Content-Disposition"":[""form-data; name=DataFile; filename=data.bin; filename*=utf-8''data.bin""]},""length"":1048576,""name"":""DataFile"",""fileName"":""data.bin""}}",63,1,0,0,Host1,NetworkStress,0
1,,,,,263,200,"{""dataFile"":{""contentType"":"""",""contentDisposition"":""form-data; name=DataFile; filename=data.bin; filename*=utf-8''data.bin"",""headers"":{""Content-Disposition"":[""form-data; name=DataFile; filename=data.bin; filename*=utf-8''data.bin""]},""length"":1048576,""name"":""DataFile"",""fileName"":""data.bin""}}",13,1,0,1,Host1,NetworkStress,0
1,,,,,264,200,"{""dataFile"":{""contentType"":"""",""contentDisposition"":""form-data; name=DataFile; filename=data.bin; filename*=utf-8''data.bin"",""headers"":{""Content-Disposition"":[""form-data; name=DataFile; filename=data.bin; filename*=utf-8''data.bin""]},""length"":1048576,""name"":""DataFile"",""fileName"":""data.bin""}}",13,1,0,2,Host1,NetworkStress,0
1,,,,,265,200,"{""dataFile"":{""contentType"":"""",""contentDisposition"":""form-data; name=DataFile; filename=data.bin; filename*=utf-8''data.bin"",""headers"":{""Content-Disposition"":[""form-data; name=DataFile; filename=data.bin; filename*=utf-8''data.bin""]},""length"":1048576,""name"":""DataFile"",""fileName"":""data.bin""}}",12,1,0,3,Host1,NetworkStress,0
1,,,,,266,200,"{""dataFile"":{""contentType"":"""",""contentDisposition"":""form-data; name=DataFile; filename=data.bin; filename*=utf-8''data.bin"",""headers"":{""Content-Disposition"":[""form-data; name=DataFile; filename=data.bin; filename*=utf-8''data.bin""]},""length"":1048576,""name"":""DataFile"",""fileName"":""data.bin""}}",10,1,0,4,Host1,NetworkStress,0
1,,,,,267,200,"{""dataFile"":{""contentType"":"""",""contentDisposition"":""form-data; name=DataFile; filename=data.bin; filename*=utf-8''data.bin"",""headers"":{""Content-Disposition"":[""form-data; name=DataFile; filename=data.bin; filename*=utf-8''data.bin""]},""length"":1048576,""name"":""DataFile"",""fileName"":""data.bin""}}",13,1,0,5,Host1,NetworkStress,0
1,,,,,268,200,"{""dataFile"":{""contentType"":"""",""contentDisposition"":""form-data; name=DataFile; filename=data.bin; filename*=utf-8''data.bin"",""headers"":{""Content-Disposition"":[""form-data; name=DataFile; filename=data.bin; filename*=utf-8''data.bin""]},""length"":1048576,""name"":""DataFile"",""fileName"":""data.bin""}}",12,1,0,6,Host1,NetworkStress,0
1,,,,,269,200,"{""dataFile"":{""contentType"":"""",""contentDisposition"":""form-data; name=DataFile; filename=data.bin; filename*=utf-8''data.bin"",""headers"":{""Content-Disposition"":[""form-data; name=DataFile; filename=data.bin; filename*=utf-8''data.bin""]},""length"":1048576,""name"":""DataFile"",""fileName"":""data.bin""}}",13,1,0,7,Host1,NetworkStress,0
1,,,,,270,200,"{""dataFile"":{""contentType"":"""",""contentDisposition"":""form-data; name=DataFile; filename=data.bin; filename*=utf-8''data.bin"",""headers"":{""Content-Disposition"":[""form-data; name=DataFile; filename=data.bin; filename*=utf-8''data.bin""]},""length"":1048576,""name"":""DataFile"",""fileName"":""data.bin""}}",13,1,0,8,Host1,NetworkStress,0
1,,,,,271,200,"{""dataFile"":{""contentType"":"""",""contentDisposition"":""form-data; name=DataFile; filename=data.bin; filename*=utf-8''data.bin"",""headers"":{""Content-Disposition"":[""form-data; name=DataFile; filename=data.bin; filename*=utf-8''data.bin""]},""length"":1048576,""name"":""DataFile"",""fileName"":""data.bin""}}",12,1,0,9,Host1,NetworkStress,0
10,,,,,272,200,"{""dataFile"":{""contentType"":"""",""contentDisposition"":""form-data; name=DataFile; filename=data.bin; filename*=utf-8''data.bin"",""headers"":{""Content-Disposition"":[""form-data; name=DataFile; filename=data.bin; filename*=utf-8''data.bin""]},""length"":10485760,""name"":""DataFile"",""fileName"":""data.bin""}}",67,1,0,0,Host1,NetworkStress,0
10,,,,,273,200,"{""dataFile"":{""contentType"":"""",""contentDisposition"":""form-data; name=DataFile; filename=data.bin; filename*=utf-8''data.bin"",""headers"":{""Content-Disposition"":[""form-data; name=DataFile; filename=data.bin; filename*=utf-8''data.bin""]},""length"":10485760,""name"":""DataFile"",""fileName"":""data.bin""}}",61,1,0,1,Host1,NetworkStress,0
10,,,,,274,200,"{""dataFile"":{""contentType"":"""",""contentDisposition"":""form-data; name=DataFile; filename=data.bin; filename*=utf-8''data.bin"",""headers"":{""Content-Disposition"":[""form-data; name=DataFile; filename=data.bin; filename*=utf-8''data.bin""]},""length"":10485760,""name"":""DataFile"",""fileName"":""data.bin""}}",61,1,0,2,Host1,NetworkStress,0
10,,,,,275,200,"{""dataFile"":{""contentType"":"""",""contentDisposition"":""form-data; name=DataFile; filename=data.bin; filename*=utf-8''data.bin"",""headers"":{""Content-Disposition"":[""form-data; name=DataFile; filename=data.bin; filename*=utf-8''data.bin""]},""length"":10485760,""name"":""DataFile"",""fileName"":""data.bin""}}",63,1,0,3,Host1,NetworkStress,0
10,,,,,276,200,"{""dataFile"":{""contentType"":"""",""contentDisposition"":""form-data; name=DataFile; filename=data.bin; filename*=utf-8''data.bin"",""headers"":{""Content-Disposition"":[""form-data; name=DataFile; filename=data.bin; filename*=utf-8''data.bin""]},""length"":10485760,""name"":""DataFile"",""fileName"":""data.bin""}}",66,1,0,4,Host1,NetworkStress,0
10,,,,,277,200,"{""dataFile"":{""contentType"":"""",""contentDisposition"":""form-data; name=DataFile; filename=data.bin; filename*=utf-8''data.bin"",""headers"":{""Content-Disposition"":[""form-data; name=DataFile; filename=data.bin; filename*=utf-8''data.bin""]},""length"":10485760,""name"":""DataFile"",""fileName"":""data.bin""}}",59,1,0,5,Host1,NetworkStress,0
10,,,,,278,200,"{""dataFile"":{""contentType"":"""",""contentDisposition"":""form-data; name=DataFile; filename=data.bin; filename*=utf-8''data.bin"",""headers"":{""Content-Disposition"":[""form-data; name=DataFile; filename=data.bin; filename*=utf-8''data.bin""]},""length"":10485760,""name"":""DataFile"",""fileName"":""data.bin""}}",67,1,0,6,Host1,NetworkStress,0
10,,,,,279,200,"{""dataFile"":{""contentType"":"""",""contentDisposition"":""form-data; name=DataFile; filename=data.bin; filename*=utf-8''data.bin"",""headers"":{""Content-Disposition"":[""form-data; name=DataFile; filename=data.bin; filename*=utf-8''data.bin""]},""length"":10485760,""name"":""DataFile"",""fileName"":""data.bin""}}",87,1,0,7,Host1,NetworkStress,0
10,,,,,280,200,"{""dataFile"":{""contentType"":"""",""contentDisposition"":""form-data; name=DataFile; filename=data.bin; filename*=utf-8''data.bin"",""headers"":{""Content-Disposition"":[""form-data; name=DataFile; filename=data.bin; filename*=utf-8''data.bin""]},""length"":10485760,""name"":""DataFile"",""fileName"":""data.bin""}}",113,1,0,8,Host1,NetworkStress,0
10,,,,,281,200,"{""dataFile"":{""contentType"":"""",""contentDisposition"":""form-data; name=DataFile; filename=data.bin; filename*=utf-8''data.bin"",""headers"":{""Content-Disposition"":[""form-data; name=DataFile; filename=data.bin; filename*=utf-8''data.bin""]},""length"":10485760,""name"":""DataFile"",""fileName"":""data.bin""}}",137,1,0,9,Host1,NetworkStress,0
50,,,,,282,200,"{""dataFile"":{""contentType"":"""",""contentDisposition"":""form-data; name=DataFile; filename=data.bin; filename*=utf-8''data.bin"",""headers"":{""Content-Disposition"":[""form-data; name=DataFile; filename=data.bin; filename*=utf-8''data.bin""]},""length"":52428800,""name"":""DataFile"",""fileName"":""data.bin""}}",529,1,0,0,Host1,NetworkStress,0
50,,,,,283,200,"{""dataFile"":{""contentType"":"""",""contentDisposition"":""form-data; name=DataFile; filename=data.bin; filename*=utf-8''data.bin"",""headers"":{""Content-Disposition"":[""form-data; name=DataFile; filename=data.bin; filename*=utf-8''data.bin""]},""length"":52428800,""name"":""DataFile"",""fileName"":""data.bin""}}",531,1,0,1,Host1,NetworkStress,0
50,,,,,284,200,"{""dataFile"":{""contentType"":"""",""contentDisposition"":""form-data; name=DataFile; filename=data.bin; filename*=utf-8''data.bin"",""headers"":{""Content-Disposition"":[""form-data; name=DataFile; filename=data.bin; filename*=utf-8''data.bin""]},""length"":52428800,""name"":""DataFile"",""fileName"":""data.bin""}}",263,1,0,2,Host1,NetworkStress,0
50,,,,,285,200,"{""dataFile"":{""contentType"":"""",""contentDisposition"":""form-data; name=DataFile; filename=data.bin; filename*=utf-8''data.bin"",""headers"":{""Content-Disposition"":[""form-data; name=DataFile; filename=data.bin; filename*=utf-8''data.bin""]},""length"":52428800,""name"":""DataFile"",""fileName"":""data.bin""}}",255,1,0,3,Host1,NetworkStress,0
50,,,,,286,200,"{""dataFile"":{""contentType"":"""",""contentDisposition"":""form-data; name=DataFile; filename=data.bin; filename*=utf-8''data.bin"",""headers"":{""Content-Disposition"":[""form-data; name=DataFile; filename=data.bin; filename*=utf-8''data.bin""]},""length"":52428800,""name"":""DataFile"",""fileName"":""data.bin""}}",357,1,0,4,Host1,NetworkStress,0
50,,,,,287,200,"{""dataFile"":{""contentType"":"""",""contentDisposition"":""form-data; name=DataFile; filename=data.bin; filename*=utf-8''data.bin"",""headers"":{""Content-Disposition"":[""form-data; name=DataFile; filename=data.bin; filename*=utf-8''data.bin""]},""length"":52428800,""name"":""DataFile"",""fileName"":""data.bin""}}",301,1,0,5,Host1,NetworkStress,0
50,,,,,288,200,"{""dataFile"":{""contentType"":"""",""contentDisposition"":""form-data; name=DataFile; filename=data.bin; filename*=utf-8''data.bin"",""headers"":{""Content-Disposition"":[""form-data; name=DataFile; filename=data.bin; filename*=utf-8''data.bin""]},""length"":52428800,""name"":""DataFile"",""fileName"":""data.bin""}}",277,1,0,6,Host1,NetworkStress,0
50,,,,,289,200,"{""dataFile"":{""contentType"":"""",""contentDisposition"":""form-data; name=DataFile; filename=data.bin; filename*=utf-8''data.bin"",""headers"":{""Content-Disposition"":[""form-data; name=DataFile; filename=data.bin; filename*=utf-8''data.bin""]},""length"":52428800,""name"":""DataFile"",""fileName"":""data.bin""}}",501,1,0,7,Host1,NetworkStress,0
50,,,,,290,200,"{""dataFile"":{""contentType"":"""",""contentDisposition"":""form-data; name=DataFile; filename=data.bin; filename*=utf-8''data.bin"",""headers"":{""Content-Disposition"":[""form-data; name=DataFile; filename=data.bin; filename*=utf-8''data.bin""]},""length"":52428800,""name"":""DataFile"",""fileName"":""data.bin""}}",519,1,0,8,Host1,NetworkStress,0
50,,,,,291,200,"{""dataFile"":{""contentType"":"""",""contentDisposition"":""form-data; name=DataFile; filename=data.bin; filename*=utf-8''data.bin"",""headers"":{""Content-Disposition"":[""form-data; name=DataFile; filename=data.bin; filename*=utf-8''data.bin""]},""length"":52428800,""name"":""DataFile"",""fileName"":""data.bin""}}",428,1,0,9,Host1,NetworkStress,0
,,,1,,1,200,28,1102,1,0,0,AppService,FileWrite,0
,,,1,,2,200,52,325,1,0,1,AppService,FileWrite,0
,,,1,,3,200,54,288,1,0,2,AppService,FileWrite,0
,,,1,,4,200,28,250,1,0,3,AppService,FileWrite,0
,,,1,,5,200,20,254,1,0,4,AppService,FileWrite,0
,,,1,,6,200,18,249,1,0,5,AppService,FileWrite,0
,,,1,,7,200,19,251,1,0,6,AppService,FileWrite,0
,,,1,,8,200,19,228,1,0,7,AppService,FileWrite,0
,,,1,,9,200,20,229,1,0,8,AppService,FileWrite,0
,,,1,,10,200,22,249,1,0,9,AppService,FileWrite,0
,,,10,,11,200,146,391,1,0,0,AppService,FileWrite,0
,,,10,,12,200,137,387,1,0,1,AppService,FileWrite,0
,,,10,,13,200,141,555,1,0,2,AppService,FileWrite,0
,,,10,,14,200,135,389,1,0,3,AppService,FileWrite,0
,,,10,,15,200,139,383,1,0,4,AppService,FileWrite,0
,,,10,,16,200,136,384,1,0,5,AppService,FileWrite,0
,,,10,,17,200,142,380,1,0,6,AppService,FileWrite,0
,,,10,,18,200,145,373,1,0,7,AppService,FileWrite,0
,,,10,,19,200,136,402,1,0,8,AppService,FileWrite,0
,,,10,,20,200,139,370,1,0,9,AppService,FileWrite,0
,,,100,,21,200,1914,2327,1,0,0,AppService,FileWrite,0
,,,100,,22,200,1924,2457,1,0,1,AppService,FileWrite,0
,,,100,,23,200,1937,2338,1,0,2,AppService,FileWrite,0
,,,100,,24,200,1939,2352,1,0,3,AppService,FileWrite,0
,,,100,,25,200,1914,2443,1,0,4,AppService,FileWrite,0
,,,100,,26,200,1913,2310,1,0,5,AppService,FileWrite,0
,,,100,,27,200,1917,2385,1,0,6,AppService,FileWrite,0
,,,100,,28,200,1923,2293,1,0,7,AppService,FileWrite,0
,,,100,,29,200,1926,2353,1,0,8,AppService,FileWrite,0
,,,100,,30,200,1958,2509,1,0,9,AppService,FileWrite,0
,,,1,,31,200,37,280,10,1,0,AppService,FileWrite,0
,,,1,,32,200,17,280,10,3,0,AppService,FileWrite,0
,,,1,,33,200,38,280,10,2,0,AppService,FileWrite,0
,,,1,,34,200,33,416,10,8,0,AppService,FileWrite,0
,,,1,,35,200,27,417,10,5,0,AppService,FileWrite,0
,,,1,,36,200,24,416,10,7,0,AppService,FileWrite,0
,,,1,,37,200,20,421,10,0,0,AppService,FileWrite,0
,,,1,,38,200,30,422,10,4,0,AppService,FileWrite,0
,,,1,,39,200,20,419,10,9,0,AppService,FileWrite,0
,,,1,,40,200,37,436,10,6,0,AppService,FileWrite,0
,,,10,,41,200,291,602,10,0,0,AppService,FileWrite,0
,,,10,,42,200,300,1729,10,9,0,AppService,FileWrite,0
,,,10,,43,200,158,1745,10,7,0,AppService,FileWrite,0
,,,10,,44,200,324,1747,10,1,0,AppService,FileWrite,0
,,,10,,45,200,333,1746,10,8,0,AppService,FileWrite,0
,,,10,,46,200,317,1756,10,6,0,AppService,FileWrite,0
,,,10,,47,200,340,1757,10,2,0,AppService,FileWrite,0
,,,10,,48,200,143,1757,10,4,0,AppService,FileWrite,0
,,,10,,49,200,153,2101,10,5,0,AppService,FileWrite,0
,,,10,,50,200,319,2107,10,3,0,AppService,FileWrite,0
,,,100,,51,200,6332,8155,10,9,0,AppService,FileWrite,0
,,,100,,52,200,6679,8913,10,4,0,AppService,FileWrite,0
,,,100,,53,200,6318,9700,10,8,0,AppService,FileWrite,0
,,,100,,54,200,7930,10590,10,0,0,AppService,FileWrite,0
,,,100,,55,200,9893,12267,10,6,0,AppService,FileWrite,0
,,,100,,56,200,10711,13067,10,7,0,AppService,FileWrite,0
,,,100,,57,200,14879,18494,10,5,0,AppService,FileWrite,0
,,,100,,58,200,14375,19075,10,1,0,AppService,FileWrite,0
,,,100,,59,200,14036,19738,10,3,0,AppService,FileWrite,0
,,,100,,60,200,15437,19769,10,2,0,AppService,FileWrite,0
,,,1,,61,200,1,400,1,0,0,AppService,FileRead,0
,,,1,,62,200,1,280,1,0,1,AppService,FileRead,0
,,,1,,63,200,1,233,1,0,2,AppService,FileRead,0
,,,1,,64,200,1,261,1,0,3,AppService,FileRead,0
,,,1,,65,200,1,271,1,0,4,AppService,FileRead,0
,,,1,,66,200,2,252,1,0,5,AppService,FileRead,0
,,,1,,67,200,1,248,1,0,6,AppService,FileRead,0
,,,1,,68,200,1,237,1,0,7,AppService,FileRead,0
,,,1,,69,200,1,243,1,0,8,AppService,FileRead,0
,,,1,,70,200,2,258,1,0,9,AppService,FileRead,0
,,,10,,71,200,18,382,1,0,0,AppService,FileRead,0
,,,10,,72,200,19,434,1,0,1,AppService,FileRead,0
,,,10,,73,200,20,433,1,0,2,AppService,FileRead,0
,,,10,,74,200,15,426,1,0,3,AppService,FileRead,0
,,,10,,75,200,16,380,1,0,4,AppService,FileRead,0
,,,10,,76,200,20,409,1,0,5,AppService,FileRead,0
,,,10,,77,200,18,396,1,0,6,AppService,FileRead,0
,,,10,,78,200,18,384,1,0,7,AppService,FileRead,0
,,,10,,79,200,5,374,1,0,8,AppService,FileRead,0
,,,10,,80,200,10,374,1,0,9,AppService,FileRead,0
,,,100,,81,200,162,2484,1,0,0,AppService,FileRead,0
,,,100,,82,200,245,2495,1,0,1,AppService,FileRead,0
,,,100,,83,200,240,2675,1,0,2,AppService,FileRead,0
,,,100,,84,200,681,2956,1,0,3,AppService,FileRead,0
,,,100,,85,200,533,3563,1,0,4,AppService,FileRead,0
,,,100,,86,200,123,2480,1,0,5,AppService,FileRead,0
,,,100,,87,200,159,2512,1,0,6,AppService,FileRead,0
,,,100,,88,200,121,2353,1,0,7,AppService,FileRead,0
,,,100,,89,200,1348,3594,1,0,8,AppService,FileRead,0
,,,100,,90,200,653,3076,1,0,9,AppService,FileRead,0
,,,1,,91,200,2,360,10,2,0,AppService,FileRead,0
,,,1,,92,200,17,549,10,5,0,AppService,FileRead,0
,,,1,,93,200,4,553,10,1,0,AppService,FileRead,0
,,,1,,94,200,9,553,10,0,0,AppService,FileRead,0
,,,1,,95,200,5,546,10,6,0,AppService,FileRead,0
,,,1,,96,200,11,544,10,7,0,AppService,FileRead,0
,,,1,,97,200,10,557,10,4,0,AppService,FileRead,0
,,,1,,98,200,15,560,10,9,0,AppService,FileRead,0
,,,1,,99,200,3,568,10,3,0,AppService,FileRead,0
,,,1,,100,200,2,590,10,8,0,AppService,FileRead,0
,,,10,,101,200,399,1473,10,6,0,AppService,FileRead,0
,,,10,,102,200,153,1473,10,5,0,AppService,FileRead,0
,,,10,,103,200,623,1475,10,1,0,AppService,FileRead,0
,,,10,,104,200,233,1480,10,2,0,AppService,FileRead,0
,,,10,,105,200,103,1628,10,8,0,AppService,FileRead,0
,,,10,,106,200,83,1630,10,9,0,AppService,FileRead,0
,,,10,,107,200,47,1991,10,0,0,AppService,FileRead,0
,,,10,,108,200,131,2195,10,7,0,AppService,FileRead,0
,,,10,,109,200,21,2207,10,3,0,AppService,FileRead,0
,,,10,,110,200,204,2227,10,4,0,AppService,FileRead,0
,,,100,,111,200,12706,21407,10,3,0,AppService,FileRead,0
,,,100,,112,200,10812,22523,10,6,0,AppService,FileRead,0
,,,100,,113,200,10591,22707,10,7,0,AppService,FileRead,0
,,,100,,114,200,9398,23674,10,4,0,AppService,FileRead,0
,,,100,,115,200,8119,23977,10,8,0,AppService,FileRead,0
,,,100,,116,200,6339,24121,10,1,0,AppService,FileRead,0
,,,100,,117,200,4792,24434,10,2,0,AppService,FileRead,0
,,,100,,118,200,4491,24475,10,0,0,AppService,FileRead,0
,,,100,,119,200,4629,24474,10,9,0,AppService,FileRead,0
,,,100,,120,200,6199,24568,10,5,0,AppService,FileRead,0
10,,,,,121,200,50,554,1,0,0,AppService,MemoryWrite,0
10,,,,,122,200,41,276,1,0,1,AppService,MemoryWrite,0
10,,,,,123,200,37,253,1,0,2,AppService,MemoryWrite,0
10,,,,,124,200,41,267,1,0,3,AppService,MemoryWrite,0
10,,,,,125,200,35,258,1,0,4,AppService,MemoryWrite,0
10,,,,,126,200,36,257,1,0,5,AppService,MemoryWrite,0
10,,,,,127,200,36,260,1,0,6,AppService,MemoryWrite,0
10,,,,,128,200,34,275,1,0,7,AppService,MemoryWrite,0
10,,,,,129,200,41,267,1,0,8,AppService,MemoryWrite,0
10,,,,,130,200,35,283,1,0,9,AppService,MemoryWrite,0
20,,,,,131,200,86,321,1,0,0,AppService,MemoryWrite,0
20,,,,,132,200,90,1002,1,0,1,AppService,MemoryWrite,0
20,,,,,133,200,88,312,1,0,2,AppService,MemoryWrite,0
20,,,,,134,200,76,310,1,0,3,AppService,MemoryWrite,0
20,,,,,135,200,84,331,1,0,4,AppService,MemoryWrite,0
20,,,,,136,200,82,300,1,0,5,AppService,MemoryWrite,0
20,,,,,137,200,71,383,1,0,6,AppService,MemoryWrite,0
20,,,,,138,200,70,293,1,0,7,AppService,MemoryWrite,0
20,,,,,139,200,65,289,1,0,8,AppService,MemoryWrite,0
20,,,,,140,200,68,304,1,0,9,AppService,MemoryWrite,0
50,,,,,141,200,173,438,1,0,0,AppService,MemoryWrite,0
50,,,,,142,200,195,435,1,0,1,AppService,MemoryWrite,0
50,,,,,143,200,190,445,1,0,2,AppService,MemoryWrite,0
50,,,,,144,200,142,384,1,0,3,AppService,MemoryWrite,0
50,,,,,145,200,150,381,1,0,4,AppService,MemoryWrite,0
50,,,,,146,200,151,413,1,0,5,AppService,MemoryWrite,0
50,,,,,147,200,141,401,1,0,6,AppService,MemoryWrite,0
50,,,,,148,200,149,488,1,0,7,AppService,MemoryWrite,0
50,,,,,149,200,176,393,1,0,8,AppService,MemoryWrite,0
50,,,,,150,200,179,403,1,0,9,AppService,MemoryWrite,0
10,,,,,151,200,122,360,10,6,0,AppService,MemoryWrite,0
10,,,,,152,200,92,381,10,0,0,AppService,MemoryWrite,0
10,,,,,153,200,139,431,10,5,0,AppService,MemoryWrite,0
10,,,,,154,200,162,431,10,3,0,AppService,MemoryWrite,0
10,,,,,155,200,172,432,10,1,0,AppService,MemoryWrite,0
10,,,,,156,200,140,441,10,9,0,AppService,MemoryWrite,0
10,,,,,157,200,192,452,10,2,0,AppService,MemoryWrite,0
10,,,,,158,200,231,452,10,7,0,AppService,MemoryWrite,0
10,,,,,159,200,182,472,10,8,0,AppService,MemoryWrite,0
10,,,,,160,200,204,481,10,4,0,AppService,MemoryWrite,0
20,,,,,161,200,272,528,10,4,0,AppService,MemoryWrite,0
20,,,,,162,200,295,539,10,1,0,AppService,MemoryWrite,0
20,,,,,163,200,332,587,10,2,0,AppService,MemoryWrite,0
20,,,,,164,200,320,572,10,9,0,AppService,MemoryWrite,0
20,,,,,165,200,386,620,10,0,0,AppService,MemoryWrite,0
20,,,,,166,200,376,625,10,5,0,AppService,MemoryWrite,0
20,,,,,167,200,443,662,10,7,0,AppService,MemoryWrite,0
20,,,,,168,200,174,700,10,8,0,AppService,MemoryWrite,0
20,,,,,169,200,235,751,10,6,0,AppService,MemoryWrite,0
20,,,,,170,200,198,797,10,3,0,AppService,MemoryWrite,0
50,,,,,171,200,424,759,10,0,0,AppService,MemoryWrite,0
50,,,,,172,200,427,876,10,5,0,AppService,MemoryWrite,0
50,,,,,173,200,760,954,10,7,0,AppService,MemoryWrite,0
50,,,,,174,200,691,1042,10,2,0,AppService,MemoryWrite,0
50,,,,,175,200,802,1139,10,4,0,AppService,MemoryWrite,0
50,,,,,176,200,778,1147,10,6,0,AppService,MemoryWrite,0
50,,,,,177,200,967,1177,10,1,0,AppService,MemoryWrite,0
50,,,,,178,200,866,1200,10,8,0,AppService,MemoryWrite,0
50,,,,,179,200,553,1230,10,9,0,AppService,MemoryWrite,0
50,,,,,180,200,475,1260,10,3,0,AppService,MemoryWrite,0
10,,,,,181,200,20,319,1,0,0,AppService,MemoryRead,0
10,,,,,182,200,20,289,1,0,1,AppService,MemoryRead,0
10,,,,,183,200,20,273,1,0,2,AppService,MemoryRead,0
10,,,,,184,200,20,403,1,0,3,AppService,MemoryRead,0
10,,,,,185,200,28,288,1,0,4,AppService,MemoryRead,0
10,,,,,186,200,20,292,1,0,5,AppService,MemoryRead,0
10,,,,,187,200,20,293,1,0,6,AppService,MemoryRead,0
10,,,,,188,200,20,272,1,0,7,AppService,MemoryRead,0
10,,,,,189,200,20,286,1,0,8,AppService,MemoryRead,0
10,,,,,190,200,28,294,1,0,9,AppService,MemoryRead,0
20,,,,,191,200,40,355,1,0,0,AppService,MemoryRead,0
20,,,,,192,200,41,346,1,0,1,AppService,MemoryRead,0
20,,,,,193,200,40,351,1,0,2,AppService,MemoryRead,0
20,,,,,194,200,47,376,1,0,3,AppService,MemoryRead,0
20,,,,,195,200,40,356,1,0,4,AppService,MemoryRead,0
20,,,,,196,200,41,351,1,0,5,AppService,MemoryRead,0
20,,,,,197,200,41,346,1,0,6,AppService,MemoryRead,0
20,,,,,198,200,40,474,1,0,7,AppService,MemoryRead,0
20,,,,,199,200,40,342,1,0,8,AppService,MemoryRead,0
20,,,,,200,200,46,351,1,0,9,AppService,MemoryRead,0
50,,,,,201,200,102,554,1,0,0,AppService,MemoryRead,0
50,,,,,202,200,102,598,1,0,1,AppService,MemoryRead,0
50,,,,,203,200,101,627,1,0,2,AppService,MemoryRead,0
50,,,,,204,200,110,559,1,0,3,AppService,MemoryRead,0
50,,,,,205,200,99,605,1,0,4,AppService,MemoryRead,0
50,,,,,206,200,118,622,1,0,5,AppService,MemoryRead,0
50,,,,,207,200,110,644,1,0,6,AppService,MemoryRead,0
50,,,,,208,200,110,589,1,0,7,AppService,MemoryRead,0
50,,,,,209,200,108,603,1,0,8,AppService,MemoryRead,0
50,,,,,210,200,108,599,1,0,9,AppService,MemoryRead,0
10,,,,,211,200,91,572,10,5,0,AppService,MemoryRead,0
10,,,,,212,200,27,581,10,6,0,AppService,MemoryRead,0
10,,,,,213,200,100,582,10,2,0,AppService,MemoryRead,0
10,,,,,214,200,60,581,10,9,0,AppService,MemoryRead,0
10,,,,,215,200,31,584,10,3,0,AppService,MemoryRead,0
10,,,,,216,200,70,584,10,1,0,AppService,MemoryRead,0
10,,,,,217,200,122,631,10,8,0,AppService,MemoryRead,0
10,,,,,218,200,62,680,10,0,0,AppService,MemoryRead,0
10,,,,,219,200,21,679,10,4,0,AppService,MemoryRead,0
10,,,,,220,200,38,688,10,7,0,AppService,MemoryRead,0
20,,,,,221,200,92,532,10,8,0,AppService,MemoryRead,0
20,,,,,222,200,92,831,10,4,0,AppService,MemoryRead,0
20,,,,,223,200,115,832,10,1,0,AppService,MemoryRead,0
20,,,,,224,200,199,831,10,7,0,AppService,MemoryRead,0
20,,,,,225,200,156,875,10,0,0,AppService,MemoryRead,0
20,,,,,226,200,113,902,10,6,0,AppService,MemoryRead,0
20,,,,,227,200,233,911,10,5,0,AppService,MemoryRead,0
20,,,,,228,200,75,943,10,2,0,AppService,MemoryRead,0
20,,,,,229,200,42,1037,10,9,0,AppService,MemoryRead,0
20,,,,,230,200,41,1055,10,3,0,AppService,MemoryRead,0
50,,,,,231,200,270,1359,10,8,0,AppService,MemoryRead,0
50,,,,,232,200,432,1361,10,5,0,AppService,MemoryRead,0
50,,,,,233,200,442,1575,10,9,0,AppService,MemoryRead,0
50,,,,,234,200,452,1576,10,2,0,AppService,MemoryRead,0
50,,,,,235,200,386,1591,10,3,0,AppService,MemoryRead,0
50,,,,,236,200,445,1606,10,1,0,AppService,MemoryRead,0
50,,,,,237,200,322,1645,10,0,0,AppService,MemoryRead,0
50,,,,,238,200,119,2004,10,7,0,AppService,MemoryRead,0
50,,,,,239,200,153,2047,10,6,0,AppService,MemoryRead,0
50,,,,,240,200,110,2110,10,4,0,AppService,MemoryRead,0
,1,1000000,,,241,200,114,550,20,0,0,AppService,cpuStress,0
,1,1000000,,,242,200,108,548,20,7,0,AppService,cpuStress,0
,1,1000000,,,243,200,105,550,20,4,0,AppService,cpuStress,0
,1,1000000,,,244,200,117,550,20,14,0,AppService,cpuStress,0
,1,1000000,,,245,200,125,547,20,13,0,AppService,cpuStress,0
,1,1000000,,,246,200,114,547,20,9,0,AppService,cpuStress,0
,1,1000000,,,247,200,116,550,20,1,0,AppService,cpuStress,0
,1,1000000,,,248,200,10,606,20,6,0,AppService,cpuStress,0
,1,1000000,,,249,200,29,602,20,17,0,AppService,cpuStress,0
,1,1000000,,,250,200,10,606,20,16,0,AppService,cpuStress,0
,1,1000000,,,251,200,24,605,20,3,0,AppService,cpuStress,0
,1,1000000,,,252,200,39,630,20,12,0,AppService,cpuStress,0
,1,1000000,,,253,200,40,627,20,15,0,AppService,cpuStress,0
,1,1000000,,,254,200,51,629,20,5,0,AppService,cpuStress,0
,1,1000000,,,255,200,31,630,20,18,0,AppService,cpuStress,0
,1,1000000,,,256,200,49,644,20,8,0,AppService,cpuStress,0
,1,1000000,,,257,200,36,640,20,19,0,AppService,cpuStress,0
,1,1000000,,,258,200,49,641,20,11,0,AppService,cpuStress,0
,1,1000000,,,259,200,9,656,20,2,0,AppService,cpuStress,0
,1,1000000,,,260,200,99,673,20,10,0,AppService,cpuStress,0
,20,1000000,,,261,200,90,290,1,0,0,AppService,cpuStress,0
1,,,,,262,200,"{""dataFile"":{""contentType"":"""",""contentDisposition"":""form-data; name=DataFile; filename=data.bin; filename*=utf-8''data.bin"",""headers"":{""Content-Disposition"":[""form-data; name=DataFile; filename=data.bin; filename*=utf-8''data.bin""]},""length"":1048576,""name"":""DataFile"",""fileName"":""data.bin""}}",1045,1,0,0,AppService,NetworkStress,0
1,,,,,263,200,"{""dataFile"":{""contentType"":"""",""contentDisposition"":""form-data; name=DataFile; filename=data.bin; filename*=utf-8''data.bin"",""headers"":{""Content-Disposition"":[""form-data; name=DataFile; filename=data.bin; filename*=utf-8''data.bin""]},""length"":1048576,""name"":""DataFile"",""fileName"":""data.bin""}}",672,1,0,1,AppService,NetworkStress,0
1,,,,,264,200,"{""dataFile"":{""contentType"":"""",""contentDisposition"":""form-data; name=DataFile; filename=data.bin; filename*=utf-8''data.bin"",""headers"":{""Content-Disposition"":[""form-data; name=DataFile; filename=data.bin; filename*=utf-8''data.bin""]},""length"":1048576,""name"":""DataFile"",""fileName"":""data.bin""}}",658,1,0,2,AppService,NetworkStress,0
1,,,,,265,200,"{""dataFile"":{""contentType"":"""",""contentDisposition"":""form-data; name=DataFile; filename=data.bin; filename*=utf-8''data.bin"",""headers"":{""Content-Disposition"":[""form-data; name=DataFile; filename=data.bin; filename*=utf-8''data.bin""]},""length"":1048576,""name"":""DataFile"",""fileName"":""data.bin""}}",690,1,0,3,AppService,NetworkStress,0
1,,,,,266,200,"{""dataFile"":{""contentType"":"""",""contentDisposition"":""form-data; name=DataFile; filename=data.bin; filename*=utf-8''data.bin"",""headers"":{""Content-Disposition"":[""form-data; name=DataFile; filename=data.bin; filename*=utf-8''data.bin""]},""length"":1048576,""name"":""DataFile"",""fileName"":""data.bin""}}",683,1,0,4,AppService,NetworkStress,0
1,,,,,267,200,"{""dataFile"":{""contentType"":"""",""contentDisposition"":""form-data; name=DataFile; filename=data.bin; filename*=utf-8''data.bin"",""headers"":{""Content-Disposition"":[""form-data; name=DataFile; filename=data.bin; filename*=utf-8''data.bin""]},""length"":1048576,""name"":""DataFile"",""fileName"":""data.bin""}}",669,1,0,5,AppService,NetworkStress,0
1,,,,,268,200,"{""dataFile"":{""contentType"":"""",""contentDisposition"":""form-data; name=DataFile; filename=data.bin; filename*=utf-8''data.bin"",""headers"":{""Content-Disposition"":[""form-data; name=DataFile; filename=data.bin; filename*=utf-8''data.bin""]},""length"":1048576,""name"":""DataFile"",""fileName"":""data.bin""}}",692,1,0,6,AppService,NetworkStress,0
1,,,,,269,200,"{""dataFile"":{""contentType"":"""",""contentDisposition"":""form-data; name=DataFile; filename=data.bin; filename*=utf-8''data.bin"",""headers"":{""Content-Disposition"":[""form-data; name=DataFile; filename=data.bin; filename*=utf-8''data.bin""]},""length"":1048576,""name"":""DataFile"",""fileName"":""data.bin""}}",810,1,0,7,AppService,NetworkStress,0
1,,,,,270,200,"{""dataFile"":{""contentType"":"""",""contentDisposition"":""form-data; name=DataFile; filename=data.bin; filename*=utf-8''data.bin"",""headers"":{""Content-Disposition"":[""form-data; name=DataFile; filename=data.bin; filename*=utf-8''data.bin""]},""length"":1048576,""name"":""DataFile"",""fileName"":""data.bin""}}",686,1,0,8,AppService,NetworkStress,0
1,,,,,271,200,"{""dataFile"":{""contentType"":"""",""contentDisposition"":""form-data; name=DataFile; filename=data.bin; filename*=utf-8''data.bin"",""headers"":{""Content-Disposition"":[""form-data; name=DataFile; filename=data.bin; filename*=utf-8''data.bin""]},""length"":1048576,""name"":""DataFile"",""fileName"":""data.bin""}}",649,1,0,9,AppService,NetworkStress,0
10,,,,,272,200,"{""dataFile"":{""contentType"":"""",""contentDisposition"":""form-data; name=DataFile; filename=data.bin; filename*=utf-8''data.bin"",""headers"":{""Content-Disposition"":[""form-data; name=DataFile; filename=data.bin; filename*=utf-8''data.bin""]},""length"":10485760,""name"":""DataFile"",""fileName"":""data.bin""}}",3950,1,0,0,AppService,NetworkStress,0
10,,,,,273,200,"{""dataFile"":{""contentType"":"""",""contentDisposition"":""form-data; name=DataFile; filename=data.bin; filename*=utf-8''data.bin"",""headers"":{""Content-Disposition"":[""form-data; name=DataFile; filename=data.bin; filename*=utf-8''data.bin""]},""length"":10485760,""name"":""DataFile"",""fileName"":""data.bin""}}",4083,1,0,1,AppService,NetworkStress,0
10,,,,,274,200,"{""dataFile"":{""contentType"":"""",""contentDisposition"":""form-data; name=DataFile; filename=data.bin; filename*=utf-8''data.bin"",""headers"":{""Content-Disposition"":[""form-data; name=DataFile; filename=data.bin; filename*=utf-8''data.bin""]},""length"":10485760,""name"":""DataFile"",""fileName"":""data.bin""}}",3957,1,0,2,AppService,NetworkStress,0
10,,,,,275,200,"{""dataFile"":{""contentType"":"""",""contentDisposition"":""form-data; name=DataFile; filename=data.bin; filename*=utf-8''data.bin"",""headers"":{""Content-Disposition"":[""form-data; name=DataFile; filename=data.bin; filename*=utf-8''data.bin""]},""length"":10485760,""name"":""DataFile"",""fileName"":""data.bin""}}",4168,1,0,3,AppService,NetworkStress,0
10,,,,,276,200,"{""dataFile"":{""contentType"":"""",""contentDisposition"":""form-data; name=DataFile; filename=data.bin; filename*=utf-8''data.bin"",""headers"":{""Content-Disposition"":[""form-data; name=DataFile; filename=data.bin; filename*=utf-8''data.bin""]},""length"":10485760,""name"":""DataFile"",""fileName"":""data.bin""}}",4636,1,0,4,AppService,NetworkStress,0
10,,,,,277,200,"{""dataFile"":{""contentType"":"""",""contentDisposition"":""form-data; name=DataFile; filename=data.bin; filename*=utf-8''data.bin"",""headers"":{""Content-Disposition"":[""form-data; name=DataFile; filename=data.bin; filename*=utf-8''data.bin""]},""length"":10485760,""name"":""DataFile"",""fileName"":""data.bin""}}",5104,1,0,5,AppService,NetworkStress,0
10,,,,,278,200,"{""dataFile"":{""contentType"":"""",""contentDisposition"":""form-data; name=DataFile; filename=data.bin; filename*=utf-8''data.bin"",""headers"":{""Content-Disposition"":[""form-data; name=DataFile; filename=data.bin; filename*=utf-8''data.bin""]},""length"":10485760,""name"":""DataFile"",""fileName"":""data.bin""}}",4191,1,0,6,AppService,NetworkStress,0
10,,,,,279,200,"{""dataFile"":{""contentType"":"""",""contentDisposition"":""form-data; name=DataFile; filename=data.bin; filename*=utf-8''data.bin"",""headers"":{""Content-Disposition"":[""form-data; name=DataFile; filename=data.bin; filename*=utf-8''data.bin""]},""length"":10485760,""name"":""DataFile"",""fileName"":""data.bin""}}",5283,1,0,7,AppService,NetworkStress,0
10,,,,,280,200,"{""dataFile"":{""contentType"":"""",""contentDisposition"":""form-data; name=DataFile; filename=data.bin; filename*=utf-8''data.bin"",""headers"":{""Content-Disposition"":[""form-data; name=DataFile; filename=data.bin; filename*=utf-8''data.bin""]},""length"":10485760,""name"":""DataFile"",""fileName"":""data.bin""}}",4778,1,0,8,AppService,NetworkStress,0
10,,,,,281,200,"{""dataFile"":{""contentType"":"""",""contentDisposition"":""form-data; name=DataFile; filename=data.bin; filename*=utf-8''data.bin"",""headers"":{""Content-Disposition"":[""form-data; name=DataFile; filename=data.bin; filename*=utf-8''data.bin""]},""length"":10485760,""name"":""DataFile"",""fileName"":""data.bin""}}",5764,1,0,9,AppService,NetworkStress,0
50,,,,,282,200,"{""dataFile"":{""contentType"":"""",""contentDisposition"":""form-data; name=DataFile; filename=data.bin; filename*=utf-8''data.bin"",""headers"":{""Content-Disposition"":[""form-data; name=DataFile; filename=data.bin; filename*=utf-8''data.bin""]},""length"":52428800,""name"":""DataFile"",""fileName"":""data.bin""}}",22462,1,0,0,AppService,NetworkStress,0
50,,,,,283,200,"{""dataFile"":{""contentType"":"""",""contentDisposition"":""form-data; name=DataFile; filename=data.bin; filename*=utf-8''data.bin"",""headers"":{""Content-Disposition"":[""form-data; name=DataFile; filename=data.bin; filename*=utf-8''data.bin""]},""length"":52428800,""name"":""DataFile"",""fileName"":""data.bin""}}",21894,1,0,1,AppService,NetworkStress,0
50,,,,,284,200,"{""dataFile"":{""contentType"":"""",""contentDisposition"":""form-data; name=DataFile; filename=data.bin; filename*=utf-8''data.bin"",""headers"":{""Content-Disposition"":[""form-data; name=DataFile; filename=data.bin; filename*=utf-8''data.bin""]},""length"":52428800,""name"":""DataFile"",""fileName"":""data.bin""}}",21939,1,0,2,AppService,NetworkStress,0
50,,,,,285,200,"{""dataFile"":{""contentType"":"""",""contentDisposition"":""form-data; name=DataFile; filename=data.bin; filename*=utf-8''data.bin"",""headers"":{""Content-Disposition"":[""form-data; name=DataFile; filename=data.bin; filename*=utf-8''data.bin""]},""length"":52428800,""name"":""DataFile"",""fileName"":""data.bin""}}",21975,1,0,3,AppService,NetworkStress,0
50,,,,,286,200,"{""dataFile"":{""contentType"":"""",""contentDisposition"":""form-data; name=DataFile; filename=data.bin; filename*=utf-8''data.bin"",""headers"":{""Content-Disposition"":[""form-data; name=DataFile; filename=data.bin; filename*=utf-8''data.bin""]},""length"":52428800,""name"":""DataFile"",""fileName"":""data.bin""}}",23350,1,0,4,AppService,NetworkStress,0
50,,,,,287,200,"{""dataFile"":{""contentType"":"""",""contentDisposition"":""form-data; name=DataFile; filename=data.bin; filename*=utf-8''data.bin"",""headers"":{""Content-Disposition"":[""form-data; name=DataFile; filename=data.bin; filename*=utf-8''data.bin""]},""length"":52428800,""name"":""DataFile"",""fileName"":""data.bin""}}",22240,1,0,5,AppService,NetworkStress,0
50,,,,,288,200,"{""dataFile"":{""contentType"":"""",""contentDisposition"":""form-data; name=DataFile; filename=data.bin; filename*=utf-8''data.bin"",""headers"":{""Content-Disposition"":[""form-data; name=DataFile; filename=data.bin; filename*=utf-8''data.bin""]},""length"":52428800,""name"":""DataFile"",""fileName"":""data.bin""}}",21924,1,0,6,AppService,NetworkStress,0
50,,,,,289,200,"{""dataFile"":{""contentType"":"""",""contentDisposition"":""form-data; name=DataFile; filename=data.bin; filename*=utf-8''data.bin"",""headers"":{""Content-Disposition"":[""form-data; name=DataFile; filename=data.bin; filename*=utf-8''data.bin""]},""length"":52428800,""name"":""DataFile"",""fileName"":""data.bin""}}",22220,1,0,7,AppService,NetworkStress,0
50,,,,,290,200,"{""dataFile"":{""contentType"":"""",""contentDisposition"":""form-data; name=DataFile; filename=data.bin; filename*=utf-8''data.bin"",""headers"":{""Content-Disposition"":[""form-data; name=DataFile; filename=data.bin; filename*=utf-8''data.bin""]},""length"":52428800,""name"":""DataFile"",""fileName"":""data.bin""}}",22018,1,0,8,AppService,NetworkStress,0
50,,,,,291,200,"{""dataFile"":{""contentType"":"""",""contentDisposition"":""form-data; name=DataFile; filename=data.bin; filename*=utf-8''data.bin"",""headers"":{""Content-Disposition"":[""form-data; name=DataFile; filename=data.bin; filename*=utf-8''data.bin""]},""length"":52428800,""name"":""DataFile"",""fileName"":""data.bin""}}",23421,1,0,9,AppService,NetworkStress,0
,,,1,,1,200,2,1083,1,0,0,DockerContainer,FileWrite,0
,,,1,,2,200,2,727,1,0,1,DockerContainer,FileWrite,0
,,,1,,3,200,1,596,1,0,2,DockerContainer,FileWrite,0
,,,1,,4,200,1,493,1,0,3,DockerContainer,FileWrite,0
,,,1,,5,200,2,525,1,0,4,DockerContainer,FileWrite,0
,,,1,,6,200,2,525,1,0,5,DockerContainer,FileWrite,0
,,,1,,7,200,1,448,1,0,6,DockerContainer,FileWrite,0
,,,1,,8,200,1,648,1,0,7,DockerContainer,FileWrite,0
,,,1,,9,200,1,3455,1,0,8,DockerContainer,FileWrite,0
,,,1,,10,200,2,803,1,0,9,DockerContainer,FileWrite,0
,,,10,,11,200,11,876,1,0,0,DockerContainer,FileWrite,0
,,,10,,12,200,11,635,1,0,1,DockerContainer,FileWrite,0
,,,10,,13,200,13,381,1,0,2,DockerContainer,FileWrite,0
,,,10,,14,200,11,545,1,0,3,DockerContainer,FileWrite,0
,,,10,,15,200,12,661,1,0,4,DockerContainer,FileWrite,0
,,,10,,16,200,16,490,1,0,5,DockerContainer,FileWrite,0
,,,10,,17,200,14,792,1,0,6,DockerContainer,FileWrite,0
,,,10,,18,200,11,170,1,0,7,DockerContainer,FileWrite,0
,,,10,,19,200,11,169,1,0,8,DockerContainer,FileWrite,0
,,,10,,20,200,13,177,1,0,9,DockerContainer,FileWrite,0
,,,100,,21,200,127,367,1,0,0,DockerContainer,FileWrite,0
,,,100,,22,200,137,373,1,0,1,DockerContainer,FileWrite,0
,,,100,,23,200,115,360,1,0,2,DockerContainer,FileWrite,0
,,,100,,24,200,112,408,1,0,3,DockerContainer,FileWrite,0
,,,100,,25,200,115,576,1,0,4,DockerContainer,FileWrite,0
,,,100,,26,200,130,783,1,0,5,DockerContainer,FileWrite,0
,,,100,,27,200,113,617,1,0,6,DockerContainer,FileWrite,0
,,,100,,28,200,115,3873,1,0,7,DockerContainer,FileWrite,0
,,,100,,29,200,112,779,1,0,8,DockerContainer,FileWrite,0
,,,100,,30,200,115,701,1,0,9,DockerContainer,FileWrite,0
,,,1,,31,200,1,378,10,8,0,DockerContainer,FileWrite,0
,,,1,,32,200,1,381,10,4,0,DockerContainer,FileWrite,0
,,,1,,33,200,2,382,10,0,0,DockerContainer,FileWrite,0
,,,1,,34,200,1,378,10,9,0,DockerContainer,FileWrite,0
,,,1,,35,200,1,380,10,7,0,DockerContainer,FileWrite,0
,,,1,,36,200,1,379,10,6,0,DockerContainer,FileWrite,0
,,,1,,37,200,2,382,10,3,0,DockerContainer,FileWrite,0
,,,1,,38,200,2,382,10,1,0,DockerContainer,FileWrite,0
,,,1,,39,200,1,380,10,5,0,DockerContainer,FileWrite,0
,,,1,,40,200,2,407,10,2,0,DockerContainer,FileWrite,0
,,,10,,41,200,15,185,10,2,0,DockerContainer,FileWrite,0
,,,10,,42,200,13,275,10,4,0,DockerContainer,FileWrite,0
,,,10,,43,200,12,275,10,6,0,DockerContainer,FileWrite,0
,,,10,,44,200,13,274,10,8,0,DockerContainer,FileWrite,0
,,,10,,45,200,15,274,10,9,0,DockerContainer,FileWrite,0
,,,10,,46,200,13,275,10,5,0,DockerContainer,FileWrite,0
,,,10,,47,200,11,275,10,7,0,DockerContainer,FileWrite,0
,,,10,,48,200,12,276,10,3,0,DockerContainer,FileWrite,0
,,,10,,49,200,11,277,10,0,0,DockerContainer,FileWrite,0
,,,10,,50,200,12,288,10,1,0,DockerContainer,FileWrite,0
,,,100,,51,200,115,443,10,8,0,DockerContainer,FileWrite,0
,,,100,,52,200,114,776,10,4,0,DockerContainer,FileWrite,0
,,,100,,53,200,252,945,10,3,0,DockerContainer,FileWrite,0
,,,100,,54,200,375,1550,10,0,0,DockerContainer,FileWrite,0
,,,100,,55,200,579,2147,10,7,0,DockerContainer,FileWrite,0
,,,100,,56,200,491,2358,10,9,0,DockerContainer,FileWrite,0
,,,100,,57,200,380,2599,10,1,0,DockerContainer,FileWrite,0
,,,100,,58,200,538,2819,10,6,0,DockerContainer,FileWrite,0
,,,100,,59,200,478,2876,10,5,0,DockerContainer,FileWrite,0
,,,100,,60,200,457,2952,10,2,0,DockerContainer,FileWrite,0
,,,1,,61,200,0,158,1,0,0,DockerContainer,FileRead,0
,,,1,,62,200,1,148,1,0,1,DockerContainer,FileRead,0
,,,1,,63,200,1,157,1,0,2,DockerContainer,FileRead,0
,,,1,,64,200,1,319,1,0,3,DockerContainer,FileRead,0
,,,1,,65,200,1,591,1,0,4,DockerContainer,FileRead,0
,,,1,,66,200,1,487,1,0,5,DockerContainer,FileRead,0
,,,1,,67,200,1,695,1,0,6,DockerContainer,FileRead,0
,,,1,,68,200,1,153,1,0,7,DockerContainer,FileRead,0
,,,1,,69,200,1,149,1,0,8,DockerContainer,FileRead,0
,,,1,,70,200,1,152,1,0,9,DockerContainer,FileRead,0
,,,10,,71,200,2,178,1,0,0,DockerContainer,FileRead,0
,,,10,,72,200,2,178,1,0,1,DockerContainer,FileRead,0
,,,10,,73,200,2,177,1,0,2,DockerContainer,FileRead,0
,,,10,,74,200,2,174,1,0,3,DockerContainer,FileRead,0
,,,10,,75,200,2,179,1,0,4,DockerContainer,FileRead,0
,,,10,,76,200,2,176,1,0,5,DockerContainer,FileRead,0
,,,10,,77,200,2,4182,1,0,6,DockerContainer,FileRead,0
,,,10,,78,200,7,497,1,0,7,DockerContainer,FileRead,0
,,,10,,79,200,1,691,1,0,8,DockerContainer,FileRead,0
,,,10,,80,200,1,513,1,0,9,DockerContainer,FileRead,0
,,,100,,81,200,17,578,1,0,0,DockerContainer,FileRead,0
,,,100,,82,200,16,838,1,0,1,DockerContainer,FileRead,0
,,,100,,83,200,12,1008,1,0,2,DockerContainer,FileRead,0
,,,100,,84,200,11,344,1,0,3,DockerContainer,FileRead,0
,,,100,,85,200,12,349,1,0,4,DockerContainer,FileRead,0
,,,100,,86,200,12,4127,1,0,5,DockerContainer,FileRead,0
,,,100,,87,200,12,1810,1,0,6,DockerContainer,FileRead,0
,,,100,,88,200,12,484,1,0,7,DockerContainer,FileRead,0
,,,100,,89,200,11,507,1,0,8,DockerContainer,FileRead,0
,,,100,,90,200,13,839,1,0,9,DockerContainer,FileRead,0
,,,1,,91,200,1,293,10,8,0,DockerContainer,FileRead,0
,,,1,,92,200,1,299,10,0,0,DockerContainer,FileRead,0
,,,1,,93,200,1,294,10,7,0,DockerContainer,FileRead,0
,,,1,,94,200,1,347,10,4,0,DockerContainer,FileRead,0
,,,1,,95,200,6,349,10,1,0,DockerContainer,FileRead,0
,,,1,,96,200,1,348,10,3,0,DockerContainer,FileRead,0
,,,1,,97,200,1,344,10,6,0,DockerContainer,FileRead,0
,,,1,,98,200,6,346,10,5,0,DockerContainer,FileRead,0
,,,1,,99,200,2,349,10,2,0,DockerContainer,FileRead,0
,,,1,,100,200,1,344,10,9,0,DockerContainer,FileRead,0
,,,10,,101,200,9,483,10,2,0,DockerContainer,FileRead,0
,,,10,,102,200,9,482,10,7,0,DockerContainer,FileRead,0
,,,10,,103,200,11,483,10,0,0,DockerContainer,FileRead,0
,,,10,,104,200,6,483,10,3,0,DockerContainer,FileRead,0
,,,10,,105,200,3,484,10,1,0,DockerContainer,FileRead,0
,,,10,,106,200,39,486,10,5,0,DockerContainer,FileRead,0
,,,10,,107,200,9,483,10,4,0,DockerContainer,FileRead,0
,,,10,,108,200,4,490,10,8,0,DockerContainer,FileRead,0
,,,10,,109,200,2,500,10,6,0,DockerContainer,FileRead,0
,,,10,,110,200,2,529,10,9,0,DockerContainer,FileRead,0
,,,100,,111,200,13,979,10,9,0,DockerContainer,FileRead,0
,,,100,,112,200,75,984,10,0,0,DockerContainer,FileRead,0
,,,100,,113,200,17,1697,10,7,0,DockerContainer,FileRead,0
,,,100,,114,200,54,2249,10,4,0,DockerContainer,FileRead,0
,,,100,,115,200,11,2293,10,3,0,DockerContainer,FileRead,0
,,,100,,116,200,12,2700,10,2,0,DockerContainer,FileRead,0
,,,100,,117,200,45,2742,10,6,0,DockerContainer,FileRead,0
,,,100,,118,200,35,2982,10,1,0,DockerContainer,FileRead,0
,,,100,,119,200,55,2992,10,5,0,DockerContainer,FileRead,0
,,,100,,120,200,1466,3166,10,8,0,DockerContainer,FileRead,0
10,,,,,121,200,8,981,1,0,0,DockerContainer,MemoryWrite,0
10,,,,,122,200,8,461,1,0,1,DockerContainer,MemoryWrite,0
10,,,,,123,200,8,582,1,0,2,DockerContainer,MemoryWrite,0
10,,,,,124,200,8,1569,1,0,3,DockerContainer,MemoryWrite,0
10,,,,,125,200,8,334,1,0,4,DockerContainer,MemoryWrite,0
10,,,,,126,200,9,797,1,0,5,DockerContainer,MemoryWrite,0
10,,,,,127,200,8,3774,1,0,6,DockerContainer,MemoryWrite,0
10,,,,,128,200,16,688,1,0,7,DockerContainer,MemoryWrite,0
10,,,,,129,200,8,595,1,0,8,DockerContainer,MemoryWrite,0
10,,,,,130,200,9,487,1,0,9,DockerContainer,MemoryWrite,0
20,,,,,131,200,13,587,1,0,0,DockerContainer,MemoryWrite,0
20,,,,,132,200,15,531,1,0,1,DockerContainer,MemoryWrite,0
20,,,,,133,200,16,867,1,0,2,DockerContainer,MemoryWrite,0
20,,,,,134,200,13,485,1,0,3,DockerContainer,MemoryWrite,0
20,,,,,135,200,16,659,1,0,4,DockerContainer,MemoryWrite,0
20,,,,,136,200,25,3407,1,0,5,DockerContainer,MemoryWrite,0
20,,,,,137,200,13,560,1,0,6,DockerContainer,MemoryWrite,0
20,,,,,138,200,16,867,1,0,7,DockerContainer,MemoryWrite,0
20,,,,,139,200,15,766,1,0,8,DockerContainer,MemoryWrite,0
20,,,,,140,200,16,692,1,0,9,DockerContainer,MemoryWrite,0
50,,,,,141,200,42,570,1,0,0,DockerContainer,MemoryWrite,0
50,,,,,142,200,57,744,1,0,1,DockerContainer,MemoryWrite,0
50,,,,,143,200,43,305,1,0,2,DockerContainer,MemoryWrite,0
50,,,,,144,200,33,4321,1,0,3,DockerContainer,MemoryWrite,0
50,,,,,145,200,34,446,1,0,4,DockerContainer,MemoryWrite,0
50,,,,,146,200,34,437,1,0,5,DockerContainer,MemoryWrite,0
50,,,,,147,200,33,498,1,0,6,DockerContainer,MemoryWrite,0
50,,,,,148,200,34,593,1,0,7,DockerContainer,MemoryWrite,0
50,,,,,149,200,34,635,1,0,8,DockerContainer,MemoryWrite,0
50,,,,,150,200,34,551,1,0,9,DockerContainer,MemoryWrite,0
10,,,,,151,200,16,394,10,0,0,DockerContainer,MemoryWrite,0
10,,,,,152,200,17,390,10,9,0,DockerContainer,MemoryWrite,0
10,,,,,153,200,16,449,10,7,0,DockerContainer,MemoryWrite,0
10,,,,,154,200,18,452,10,1,0,DockerContainer,MemoryWrite,0
10,,,,,155,200,10,449,10,8,0,DockerContainer,MemoryWrite,0
10,,,,,156,200,15,453,10,2,0,DockerContainer,MemoryWrite,0
10,,,,,157,200,7,453,10,3,0,DockerContainer,MemoryWrite,0
10,,,,,158,200,16,450,10,5,0,DockerContainer,MemoryWrite,0
10,,,,,159,200,17,450,10,6,0,DockerContainer,MemoryWrite,0
10,,,,,160,200,16,453,10,4,0,DockerContainer,MemoryWrite,0
20,,,,,161,200,30,185,10,5,0,DockerContainer,MemoryWrite,0
20,,,,,162,200,35,237,10,8,0,DockerContainer,MemoryWrite,0
20,,,,,163,200,31,237,10,2,0,DockerContainer,MemoryWrite,0
20,,,,,164,200,49,237,10,4,0,DockerContainer,MemoryWrite,0
20,,,,,165,200,33,237,10,9,0,DockerContainer,MemoryWrite,0
20,,,,,166,200,25,243,10,7,0,DockerContainer,MemoryWrite,0
20,,,,,167,200,70,260,10,0,0,DockerContainer,MemoryWrite,0
20,,,,,168,200,52,261,10,6,0,DockerContainer,MemoryWrite,0
20,,,,,169,200,40,266,10,1,0,DockerContainer,MemoryWrite,0
20,,,,,170,200,44,271,10,3,0,DockerContainer,MemoryWrite,0
50,,,,,171,200,124,280,10,7,0,DockerContainer,MemoryWrite,0
50,,,,,172,200,277,456,10,8,0,DockerContainer,MemoryWrite,0
50,,,,,173,200,271,469,10,1,0,DockerContainer,MemoryWrite,0
50,,,,,174,200,303,470,10,3,0,DockerContainer,MemoryWrite,0
50,,,,,175,200,274,475,10,6,0,DockerContainer,MemoryWrite,0
50,,,,,176,200,330,481,10,9,0,DockerContainer,MemoryWrite,0
50,,,,,177,200,314,483,10,2,0,DockerContainer,MemoryWrite,0
50,,,,,178,200,333,486,10,4,0,DockerContainer,MemoryWrite,0
50,,,,,179,200,392,537,10,5,0,DockerContainer,MemoryWrite,0
50,,,,,180,200,339,541,10,0,0,DockerContainer,MemoryWrite,0
10,,,,,181,200,7,220,1,0,0,DockerContainer,MemoryRead,0
10,,,,,182,200,7,186,1,0,1,DockerContainer,MemoryRead,0
10,,,,,183,200,7,161,1,0,2,DockerContainer,MemoryRead,0
10,,,,,184,200,7,160,1,0,3,DockerContainer,MemoryRead,0
10,,,,,185,200,7,159,1,0,4,DockerContainer,MemoryRead,0
10,,,,,186,200,7,165,1,0,5,DockerContainer,MemoryRead,0
10,,,,,187,200,7,156,1,0,6,DockerContainer,MemoryRead,0
10,,,,,188,200,7,156,1,0,7,DockerContainer,MemoryRead,0
10,,,,,189,200,7,156,1,0,8,DockerContainer,MemoryRead,0
10,,,,,190,200,7,155,1,0,9,DockerContainer,MemoryRead,0
20,,,,,191,200,13,174,1,0,0,DockerContainer,MemoryRead,0
20,,,,,192,200,13,172,1,0,1,DockerContainer,MemoryRead,0
20,,,,,193,200,14,179,1,0,2,DockerContainer,MemoryRead,0
20,,,,,194,200,13,163,1,0,3,DockerContainer,MemoryRead,0
20,,,,,195,200,13,176,1,0,4,DockerContainer,MemoryRead,0
20,,,,,196,200,13,179,1,0,5,DockerContainer,MemoryRead,0
20,,,,,197,200,14,180,1,0,6,DockerContainer,MemoryRead,0
20,,,,,198,200,13,177,1,0,7,DockerContainer,MemoryRead,0
20,,,,,199,200,13,174,1,0,8,DockerContainer,MemoryRead,0
20,,,,,200,200,13,179,1,0,9,DockerContainer,MemoryRead,0
50,,,,,201,200,34,215,1,0,0,DockerContainer,MemoryRead,0
50,,,,,202,200,33,217,1,0,1,DockerContainer,MemoryRead,0
50,,,,,203,200,33,220,1,0,2,DockerContainer,MemoryRead,0
50,,,,,204,200,61,249,1,0,3,DockerContainer,MemoryRead,0
50,,,,,205,200,37,217,1,0,4,DockerContainer,MemoryRead,0
50,,,,,206,200,34,214,1,0,5,DockerContainer,MemoryRead,0
50,,,,,207,200,34,216,1,0,6,DockerContainer,MemoryRead,0
50,,,,,208,200,33,220,1,0,7,DockerContainer,MemoryRead,0
50,,,,,209,200,33,221,1,0,8,DockerContainer,MemoryRead,0
50,,,,,210,200,34,216,1,0,9,DockerContainer,MemoryRead,0
10,,,,,211,200,7,3739,10,1,0,DockerContainer,MemoryRead,0
10,,,,,212,200,7,3739,10,6,0,DockerContainer,MemoryRead,0
10,,,,,213,200,13,3739,10,5,0,DockerContainer,MemoryRead,0
10,,,,,214,200,8,3742,10,0,0,DockerContainer,MemoryRead,0
10,,,,,215,200,8,3747,10,2,0,DockerContainer,MemoryRead,0
10,,,,,216,200,4,3746,10,9,0,DockerContainer,MemoryRead,0
10,,,,,217,200,7,3784,10,3,0,DockerContainer,MemoryRead,0
10,,,,,218,200,4,3784,10,7,0,DockerContainer,MemoryRead,0
10,,,,,219,200,3,3784,10,8,0,DockerContainer,MemoryRead,0
10,,,,,220,200,4,3784,10,4,0,DockerContainer,MemoryRead,0
20,,,,,221,200,13,641,10,7,0,DockerContainer,MemoryRead,0
20,,,,,222,200,16,670,10,3,0,DockerContainer,MemoryRead,0
20,,,,,223,200,14,669,10,1,0,DockerContainer,MemoryRead,0
20,,,,,224,200,19,669,10,2,0,DockerContainer,MemoryRead,0
20,,,,,225,200,15,669,10,5,0,DockerContainer,MemoryRead,0
20,,,,,226,200,20,669,10,4,0,DockerContainer,MemoryRead,0
20,,,,,227,200,31,668,10,9,0,DockerContainer,MemoryRead,0
20,,,,,228,200,10,670,10,8,0,DockerContainer,MemoryRead,0
20,,,,,229,200,32,669,10,6,0,DockerContainer,MemoryRead,0
20,,,,,230,200,65,670,10,0,0,DockerContainer,MemoryRead,0
50,,,,,231,200,20,468,10,7,0,DockerContainer,MemoryRead,0
50,,,,,232,200,21,669,10,1,0,DockerContainer,MemoryRead,0
50,,,,,233,200,20,669,10,8,0,DockerContainer,MemoryRead,0
50,,,,,234,200,19,670,10,3,0,DockerContainer,MemoryRead,0
50,,,,,235,200,19,670,10,5,0,DockerContainer,MemoryRead,0
50,,,,,236,200,20,672,10,4,0,DockerContainer,MemoryRead,0
50,,,,,237,200,19,669,10,9,0,DockerContainer,MemoryRead,0
50,,,,,238,200,20,671,10,2,0,DockerContainer,MemoryRead,0
50,,,,,239,200,21,671,10,0,0,DockerContainer,MemoryRead,0
50,,,,,240,200,19,670,10,6,0,DockerContainer,MemoryRead,0
,1,1000000,,,241,200,8,160,20,12,0,DockerContainer,cpuStress,0
,1,1000000,,,242,200,8,160,20,10,0,DockerContainer,cpuStress,0
,1,1000000,,,243,200,3,188,20,3,0,DockerContainer,cpuStress,0
,1,1000000,,,244,200,3,190,20,13,0,DockerContainer,cpuStress,0
,1,1000000,,,245,200,3,189,20,6,0,DockerContainer,cpuStress,0
,1,1000000,,,246,200,3,192,20,4,0,DockerContainer,cpuStress,0
,1,1000000,,,247,200,3,186,20,17,0,DockerContainer,cpuStress,0
,1,1000000,,,248,200,3,190,20,0,0,DockerContainer,cpuStress,0
,1,1000000,,,249,200,3,195,20,2,0,DockerContainer,cpuStress,0
,1,1000000,,,250,200,3,193,20,8,0,DockerContainer,cpuStress,0
,1,1000000,,,251,200,3,190,20,1,0,DockerContainer,cpuStress,0
,1,1000000,,,252,200,3,189,20,5,0,DockerContainer,cpuStress,0
,1,1000000,,,253,200,3,187,20,7,0,DockerContainer,cpuStress,0
,1,1000000,,,254,200,3,188,20,9,0,DockerContainer,cpuStress,0
,1,1000000,,,255,200,3,192,20,16,0,DockerContainer,cpuStress,0
,1,1000000,,,256,200,3,192,20,18,0,DockerContainer,cpuStress,0
,1,1000000,,,257,200,3,190,20,15,0,DockerContainer,cpuStress,0
,1,1000000,,,258,200,3,193,20,14,0,DockerContainer,cpuStress,0
,1,1000000,,,259,200,3,191,20,11,0,DockerContainer,cpuStress,0
,1,1000000,,,260,200,3,190,20,19,0,DockerContainer,cpuStress,0
,20,1000000,,,261,200,28,175,1,0,0,DockerContainer,cpuStress,0
1,,,,,262,200,"{""dataFile"":{""contentType"":"""",""contentDisposition"":""form-data; name=DataFile; filename=data.bin; filename*=utf-8''data.bin"",""headers"":{""Content-Disposition"":[""form-data; name=DataFile; filename=data.bin; filename*=utf-8''data.bin""]},""length"":1048576,""name"":""DataFile"",""fileName"":""data.bin""}}",622,1,0,0,DockerContainer,NetworkStress,0
1,,,,,263,200,"{""dataFile"":{""contentType"":"""",""contentDisposition"":""form-data; name=DataFile; filename=data.bin; filename*=utf-8''data.bin"",""headers"":{""Content-Disposition"":[""form-data; name=DataFile; filename=data.bin; filename*=utf-8''data.bin""]},""length"":1048576,""name"":""DataFile"",""fileName"":""data.bin""}}",602,1,0,1,DockerContainer,NetworkStress,0
1,,,,,264,200,"{""dataFile"":{""contentType"":"""",""contentDisposition"":""form-data; name=DataFile; filename=data.bin; filename*=utf-8''data.bin"",""headers"":{""Content-Disposition"":[""form-data; name=DataFile; filename=data.bin; filename*=utf-8''data.bin""]},""length"":1048576,""name"":""DataFile"",""fileName"":""data.bin""}}",604,1,0,2,DockerContainer,NetworkStress,0
1,,,,,265,200,"{""dataFile"":{""contentType"":"""",""contentDisposition"":""form-data; name=DataFile; filename=data.bin; filename*=utf-8''data.bin"",""headers"":{""Content-Disposition"":[""form-data; name=DataFile; filename=data.bin; filename*=utf-8''data.bin""]},""length"":1048576,""name"":""DataFile"",""fileName"":""data.bin""}}",608,1,0,3,DockerContainer,NetworkStress,0
1,,,,,266,200,"{""dataFile"":{""contentType"":"""",""contentDisposition"":""form-data; name=DataFile; filename=data.bin; filename*=utf-8''data.bin"",""headers"":{""Content-Disposition"":[""form-data; name=DataFile; filename=data.bin; filename*=utf-8''data.bin""]},""length"":1048576,""name"":""DataFile"",""fileName"":""data.bin""}}",595,1,0,4,DockerContainer,NetworkStress,0
1,,,,,267,200,"{""dataFile"":{""contentType"":"""",""contentDisposition"":""form-data; name=DataFile; filename=data.bin; filename*=utf-8''data.bin"",""headers"":{""Content-Disposition"":[""form-data; name=DataFile; filename=data.bin; filename*=utf-8''data.bin""]},""length"":1048576,""name"":""DataFile"",""fileName"":""data.bin""}}",4399,1,0,5,DockerContainer,NetworkStress,0
1,,,,,268,200,"{""dataFile"":{""contentType"":"""",""contentDisposition"":""form-data; name=DataFile; filename=data.bin; filename*=utf-8''data.bin"",""headers"":{""Content-Disposition"":[""form-data; name=DataFile; filename=data.bin; filename*=utf-8''data.bin""]},""length"":1048576,""name"":""DataFile"",""fileName"":""data.bin""}}",614,1,0,6,DockerContainer,NetworkStress,0
1,,,,,269,200,"{""dataFile"":{""contentType"":"""",""contentDisposition"":""form-data; name=DataFile; filename=data.bin; filename*=utf-8''data.bin"",""headers"":{""Content-Disposition"":[""form-data; name=DataFile; filename=data.bin; filename*=utf-8''data.bin""]},""length"":1048576,""name"":""DataFile"",""fileName"":""data.bin""}}",611,1,0,7,DockerContainer,NetworkStress,0
1,,,,,270,200,"{""dataFile"":{""contentType"":"""",""contentDisposition"":""form-data; name=DataFile; filename=data.bin; filename*=utf-8''data.bin"",""headers"":{""Content-Disposition"":[""form-data; name=DataFile; filename=data.bin; filename*=utf-8''data.bin""]},""length"":1048576,""name"":""DataFile"",""fileName"":""data.bin""}}",623,1,0,8,DockerContainer,NetworkStress,0
1,,,,,271,200,"{""dataFile"":{""contentType"":"""",""contentDisposition"":""form-data; name=DataFile; filename=data.bin; filename*=utf-8''data.bin"",""headers"":{""Content-Disposition"":[""form-data; name=DataFile; filename=data.bin; filename*=utf-8''data.bin""]},""length"":1048576,""name"":""DataFile"",""fileName"":""data.bin""}}",609,1,0,9,DockerContainer,NetworkStress,0
10,,,,,272,200,"{""dataFile"":{""contentType"":"""",""contentDisposition"":""form-data; name=DataFile; filename=data.bin; filename*=utf-8''data.bin"",""headers"":{""Content-Disposition"":[""form-data; name=DataFile; filename=data.bin; filename*=utf-8''data.bin""]},""length"":10485760,""name"":""DataFile"",""fileName"":""data.bin""}}",3905,1,0,0,DockerContainer,NetworkStress,0
10,,,,,273,200,"{""dataFile"":{""contentType"":"""",""contentDisposition"":""form-data; name=DataFile; filename=data.bin; filename*=utf-8''data.bin"",""headers"":{""Content-Disposition"":[""form-data; name=DataFile; filename=data.bin; filename*=utf-8''data.bin""]},""length"":10485760,""name"":""DataFile"",""fileName"":""data.bin""}}",3938,1,0,1,DockerContainer,NetworkStress,0
10,,,,,274,200,"{""dataFile"":{""contentType"":"""",""contentDisposition"":""form-data; name=DataFile; filename=data.bin; filename*=utf-8''data.bin"",""headers"":{""Content-Disposition"":[""form-data; name=DataFile; filename=data.bin; filename*=utf-8''data.bin""]},""length"":10485760,""name"":""DataFile"",""fileName"":""data.bin""}}",3903,1,0,2,DockerContainer,NetworkStress,0
10,,,,,275,200,"{""dataFile"":{""contentType"":"""",""contentDisposition"":""form-data; name=DataFile; filename=data.bin; filename*=utf-8''data.bin"",""headers"":{""Content-Disposition"":[""form-data; name=DataFile; filename=data.bin; filename*=utf-8''data.bin""]},""length"":10485760,""name"":""DataFile"",""fileName"":""data.bin""}}",4361,1,0,3,DockerContainer,NetworkStress,0
10,,,,,276,200,"{""dataFile"":{""contentType"":"""",""contentDisposition"":""form-data; name=DataFile; filename=data.bin; filename*=utf-8''data.bin"",""headers"":{""Content-Disposition"":[""form-data; name=DataFile; filename=data.bin; filename*=utf-8''data.bin""]},""length"":10485760,""name"":""DataFile"",""fileName"":""data.bin""}}",4353,1,0,4,DockerContainer,NetworkStress,0
10,,,,,277,200,"{""dataFile"":{""contentType"":"""",""contentDisposition"":""form-data; name=DataFile; filename=data.bin; filename*=utf-8''data.bin"",""headers"":{""Content-Disposition"":[""form-data; name=DataFile; filename=data.bin; filename*=utf-8''data.bin""]},""length"":10485760,""name"":""DataFile"",""fileName"":""data.bin""}}",4318,1,0,5,DockerContainer,NetworkStress,0
10,,,,,278,200,"{""dataFile"":{""contentType"":"""",""contentDisposition"":""form-data; name=DataFile; filename=data.bin; filename*=utf-8''data.bin"",""headers"":{""Content-Disposition"":[""form-data; name=DataFile; filename=data.bin; filename*=utf-8''data.bin""]},""length"":10485760,""name"":""DataFile"",""fileName"":""data.bin""}}",4402,1,0,6,DockerContainer,NetworkStress,0
10,,,,,279,200,"{""dataFile"":{""contentType"":"""",""contentDisposition"":""form-data; name=DataFile; filename=data.bin; filename*=utf-8''data.bin"",""headers"":{""Content-Disposition"":[""form-data; name=DataFile; filename=data.bin; filename*=utf-8''data.bin""]},""length"":10485760,""name"":""DataFile"",""fileName"":""data.bin""}}",8082,1,0,7,DockerContainer,NetworkStress,0
10,,,,,280,200,"{""dataFile"":{""contentType"":"""",""contentDisposition"":""form-data; name=DataFile; filename=data.bin; filename*=utf-8''data.bin"",""headers"":{""Content-Disposition"":[""form-data; name=DataFile; filename=data.bin; filename*=utf-8''data.bin""]},""length"":10485760,""name"":""DataFile"",""fileName"":""data.bin""}}",3906,1,0,8,DockerContainer,NetworkStress,0
10,,,,,281,200,"{""dataFile"":{""contentType"":"""",""contentDisposition"":""form-data; name=DataFile; filename=data.bin; filename*=utf-8''data.bin"",""headers"":{""Content-Disposition"":[""form-data; name=DataFile; filename=data.bin; filename*=utf-8''data.bin""]},""length"":10485760,""name"":""DataFile"",""fileName"":""data.bin""}}",3891,1,0,9,DockerContainer,NetworkStress,0
50,,,,,282,x,error,,1,,,DockerContainer,NetworkStress,1
50,,,,,283,x,error,,1,,,DockerContainer,NetworkStress,1
50,,,,,284,x,error,,1,,,DockerContainer,NetworkStress,1
50,,,,,285,x,error,,1,,,DockerContainer,NetworkStress,1
50,,,,,286,x,error,,1,,,DockerContainer,NetworkStress,1
50,,,,,287,x,error,,1,,,DockerContainer,NetworkStress,1
50,,,,,288,x,error,,1,,,DockerContainer,NetworkStress,1
50,,,,,289,x,error,,1,,,DockerContainer,NetworkStress,1
50,,,,,290,x,error,,1,,,DockerContainer,NetworkStress,1
50,,,,,291,x,error,,1,,,DockerContainer,NetworkStress,1
